OperatingPoint, measurementType, sysType, jetFlavor, etaMin, etaMax, ptMin, ptMax, discrMin, discrMax, formula
0, mujets, central, 0, 0.0, 2.4, 20.0, 30.0, 0, 1, 1.65936*((1.+(0.546853*x))/(1.+(0.93234*x)))
0, mujets, up, 0, 0.0, 2.4, 20.0, 30.0, 0, 1, 1.65936*((1.+(0.546853*x))/(1.+(0.93234*x))) + 0.0357984
0, mujets, down, 0, 0.0, 2.4, 20.0, 30.0, 0, 1, 1.65936*((1.+(0.546853*x))/(1.+(0.93234*x))) - 0.0357984
0, mujets, central, 0, 0.0, 2.4, 30.0, 40.0, 0, 1, 1.65936*((1.+(0.546853*x))/(1.+(0.93234*x)))
0, mujets, up, 0, 0.0, 2.4, 30.0, 40.0, 0, 1, 1.65936*((1.+(0.546853*x))/(1.+(0.93234*x))) + 0.017992
0, mujets, down, 0, 0.0, 2.4, 30.0, 40.0, 0, 1, 1.65936*((1.+(0.546853*x))/(1.+(0.93234*x))) - 0.017992
0, mujets, central, 0, 0.0, 2.4, 40.0, 50.0, 0, 1, 1.65936*((1.+(0.546853*x))/(1.+(0.93234*x)))
0, mujets, up, 0, 0.0, 2.4, 40.0, 50.0, 0, 1, 1.65936*((1.+(0.546853*x))/(1.+(0.93234*x))) + 0.0169184
0, mujets, down, 0, 0.0, 2.4, 40.0, 50.0, 0, 1, 1.65936*((1.+(0.546853*x))/(1.+(0.93234*x))) - 0.0169184
0, mujets, central, 0, 0.0, 2.4, 50.0, 60.0, 0, 1, 1.65936*((1.+(0.546853*x))/(1.+(0.93234*x)))
0, mujets, up, 0, 0.0, 2.4, 50.0, 60.0, 0, 1, 1.65936*((1.+(0.546853*x))/(1.+(0.93234*x))) + 0.0200852
0, mujets, down, 0, 0.0, 2.4, 50.0, 60.0, 0, 1, 1.65936*((1.+(0.546853*x))/(1.+(0.93234*x))) - 0.0200852
0, mujets, central, 0, 0.0, 2.4, 60.0, 70.0, 0, 1, 1.65936*((1.+(0.546853*x))/(1.+(0.93234*x)))
0, mujets, up, 0, 0.0, 2.4, 60.0, 70.0, 0, 1, 1.65936*((1.+(0.546853*x))/(1.+(0.93234*x))) + 0.0210594
0, mujets, down, 0, 0.0, 2.4, 60.0, 70.0, 0, 1, 1.65936*((1.+(0.546853*x))/(1.+(0.93234*x))) - 0.0210594
0, mujets, central, 0, 0.0, 2.4, 70.0, 80.0, 0, 1, 1.65936*((1.+(0.546853*x))/(1.+(0.93234*x)))
0, mujets, up, 0, 0.0, 2.4, 70.0, 80.0, 0, 1, 1.65936*((1.+(0.546853*x))/(1.+(0.93234*x))) + 0.0180289
0, mujets, down, 0, 0.0, 2.4, 70.0, 80.0, 0, 1, 1.65936*((1.+(0.546853*x))/(1.+(0.93234*x))) - 0.0180289
0, mujets, central, 0, 0.0, 2.4, 80.0, 100.0, 0, 1, 1.65936*((1.+(0.546853*x))/(1.+(0.93234*x)))
0, mujets, up, 0, 0.0, 2.4, 80.0, 100.0, 0, 1, 1.65936*((1.+(0.546853*x))/(1.+(0.93234*x))) + 0.0206386
0, mujets, down, 0, 0.0, 2.4, 80.0, 100.0, 0, 1, 1.65936*((1.+(0.546853*x))/(1.+(0.93234*x))) - 0.0206386
0, mujets, central, 0, 0.0, 2.4, 100.0, 120.0, 0, 1, 1.65936*((1.+(0.546853*x))/(1.+(0.93234*x)))
0, mujets, up, 0, 0.0, 2.4, 100.0, 120.0, 0, 1, 1.65936*((1.+(0.546853*x))/(1.+(0.93234*x))) + 0.0196933
0, mujets, down, 0, 0.0, 2.4, 100.0, 120.0, 0, 1, 1.65936*((1.+(0.546853*x))/(1.+(0.93234*x))) - 0.0196933
0, mujets, central, 0, 0.0, 2.4, 120.0, 160.0, 0, 1, 1.65936*((1.+(0.546853*x))/(1.+(0.93234*x)))
0, mujets, up, 0, 0.0, 2.4, 120.0, 160.0, 0, 1, 1.65936*((1.+(0.546853*x))/(1.+(0.93234*x))) + 0.0155165
0, mujets, down, 0, 0.0, 2.4, 120.0, 160.0, 0, 1, 1.65936*((1.+(0.546853*x))/(1.+(0.93234*x))) - 0.0155165
0, mujets, central, 0, 0.0, 2.4, 160.0, 210.0, 0, 1, 1.65936*((1.+(0.546853*x))/(1.+(0.93234*x)))
0, mujets, up, 0, 0.0, 2.4, 160.0, 210.0, 0, 1, 1.65936*((1.+(0.546853*x))/(1.+(0.93234*x))) + 0.0230007
0, mujets, down, 0, 0.0, 2.4, 160.0, 210.0, 0, 1, 1.65936*((1.+(0.546853*x))/(1.+(0.93234*x))) - 0.0230007
0, mujets, central, 0, 0.0, 2.4, 210.0, 260.0, 0, 1, 1.65936*((1.+(0.546853*x))/(1.+(0.93234*x)))
0, mujets, up, 0, 0.0, 2.4, 210.0, 260.0, 0, 1, 1.65936*((1.+(0.546853*x))/(1.+(0.93234*x))) + 0.0233707
0, mujets, down, 0, 0.0, 2.4, 210.0, 260.0, 0, 1, 1.65936*((1.+(0.546853*x))/(1.+(0.93234*x))) - 0.0233707
0, mujets, central, 0, 0.0, 2.4, 260.0, 320.0, 0, 1, 1.65936*((1.+(0.546853*x))/(1.+(0.93234*x)))
0, mujets, up, 0, 0.0, 2.4, 260.0, 320.0, 0, 1, 1.65936*((1.+(0.546853*x))/(1.+(0.93234*x))) + 0.0197976
0, mujets, down, 0, 0.0, 2.4, 260.0, 320.0, 0, 1, 1.65936*((1.+(0.546853*x))/(1.+(0.93234*x))) - 0.0197976
0, mujets, central, 0, 0.0, 2.4, 320.0, 400.0, 0, 1, 1.65936*((1.+(0.546853*x))/(1.+(0.93234*x)))
0, mujets, up, 0, 0.0, 2.4, 320.0, 400.0, 0, 1, 1.65936*((1.+(0.546853*x))/(1.+(0.93234*x))) + 0.029301
0, mujets, down, 0, 0.0, 2.4, 320.0, 400.0, 0, 1, 1.65936*((1.+(0.546853*x))/(1.+(0.93234*x))) - 0.029301
0, mujets, central, 0, 0.0, 2.4, 400.0, 500.0, 0, 1, 1.65936*((1.+(0.546853*x))/(1.+(0.93234*x)))
0, mujets, up, 0, 0.0, 2.4, 400.0, 500.0, 0, 1, 1.65936*((1.+(0.546853*x))/(1.+(0.93234*x))) + 0.0488732
0, mujets, down, 0, 0.0, 2.4, 400.0, 500.0, 0, 1, 1.65936*((1.+(0.546853*x))/(1.+(0.93234*x))) - 0.0488732
0, mujets, central, 0, 0.0, 2.4, 500.0, 600.0, 0, 1, 1.65936*((1.+(0.546853*x))/(1.+(0.93234*x)))
0, mujets, up, 0, 0.0, 2.4, 500.0, 600.0, 0, 1, 1.65936*((1.+(0.546853*x))/(1.+(0.93234*x))) + 0.0474228
0, mujets, down, 0, 0.0, 2.4, 500.0, 600.0, 0, 1, 1.65936*((1.+(0.546853*x))/(1.+(0.93234*x))) - 0.0474228
0, mujets, central, 0, 0.0, 2.4, 600.0, 800.0, 0, 1, 1.65936*((1.+(0.546853*x))/(1.+(0.93234*x)))
0, mujets, up, 0, 0.0, 2.4, 600.0, 800.0, 0, 1, 1.65936*((1.+(0.546853*x))/(1.+(0.93234*x))) + 0.0495317
0, mujets, down, 0, 0.0, 2.4, 600.0, 800.0, 0, 1, 1.65936*((1.+(0.546853*x))/(1.+(0.93234*x))) - 0.0495317
1, mujets, central, 0, 0.0, 2.4, 20.0, 30.0, 0, 1, 0.896758*((1.+(0.11259*x))/(1.+(0.105615*x)))
1, mujets, up, 0, 0.0, 2.4, 20.0, 30.0, 0, 1, 0.896758*((1.+(0.11259*x))/(1.+(0.105615*x))) + 0.0479569
1, mujets, down, 0, 0.0, 2.4, 20.0, 30.0, 0, 1, 0.896758*((1.+(0.11259*x))/(1.+(0.105615*x))) - 0.0479569
1, mujets, central, 0, 0.0, 2.4, 30.0, 40.0, 0, 1, 0.896758*((1.+(0.11259*x))/(1.+(0.105615*x)))
1, mujets, up, 0, 0.0, 2.4, 30.0, 40.0, 0, 1, 0.896758*((1.+(0.11259*x))/(1.+(0.105615*x))) + 0.0279306
1, mujets, down, 0, 0.0, 2.4, 30.0, 40.0, 0, 1, 0.896758*((1.+(0.11259*x))/(1.+(0.105615*x))) - 0.0279306
1, mujets, central, 0, 0.0, 2.4, 40.0, 50.0, 0, 1, 0.896758*((1.+(0.11259*x))/(1.+(0.105615*x)))
1, mujets, up, 0, 0.0, 2.4, 40.0, 50.0, 0, 1, 0.896758*((1.+(0.11259*x))/(1.+(0.105615*x))) + 0.0318744
1, mujets, down, 0, 0.0, 2.4, 40.0, 50.0, 0, 1, 0.896758*((1.+(0.11259*x))/(1.+(0.105615*x))) - 0.0318744
1, mujets, central, 0, 0.0, 2.4, 50.0, 60.0, 0, 1, 0.896758*((1.+(0.11259*x))/(1.+(0.105615*x)))
1, mujets, up, 0, 0.0, 2.4, 50.0, 60.0, 0, 1, 0.896758*((1.+(0.11259*x))/(1.+(0.105615*x))) + 0.0320554
1, mujets, down, 0, 0.0, 2.4, 50.0, 60.0, 0, 1, 0.896758*((1.+(0.11259*x))/(1.+(0.105615*x))) - 0.0320554
1, mujets, central, 0, 0.0, 2.4, 60.0, 70.0, 0, 1, 0.896758*((1.+(0.11259*x))/(1.+(0.105615*x)))
1, mujets, up, 0, 0.0, 2.4, 60.0, 70.0, 0, 1, 0.896758*((1.+(0.11259*x))/(1.+(0.105615*x))) + 0.0316665
1, mujets, down, 0, 0.0, 2.4, 60.0, 70.0, 0, 1, 0.896758*((1.+(0.11259*x))/(1.+(0.105615*x))) - 0.0316665
1, mujets, central, 0, 0.0, 2.4, 70.0, 80.0, 0, 1, 0.896758*((1.+(0.11259*x))/(1.+(0.105615*x)))
1, mujets, up, 0, 0.0, 2.4, 70.0, 80.0, 0, 1, 0.896758*((1.+(0.11259*x))/(1.+(0.105615*x))) + 0.0301609
1, mujets, down, 0, 0.0, 2.4, 70.0, 80.0, 0, 1, 0.896758*((1.+(0.11259*x))/(1.+(0.105615*x))) - 0.0301609
1, mujets, central, 0, 0.0, 2.4, 80.0, 100.0, 0, 1, 0.896758*((1.+(0.11259*x))/(1.+(0.105615*x)))
1, mujets, up, 0, 0.0, 2.4, 80.0, 100.0, 0, 1, 0.896758*((1.+(0.11259*x))/(1.+(0.105615*x))) + 0.0275172
1, mujets, down, 0, 0.0, 2.4, 80.0, 100.0, 0, 1, 0.896758*((1.+(0.11259*x))/(1.+(0.105615*x))) - 0.0275172
1, mujets, central, 0, 0.0, 2.4, 100.0, 120.0, 0, 1, 0.896758*((1.+(0.11259*x))/(1.+(0.105615*x)))
1, mujets, up, 0, 0.0, 2.4, 100.0, 120.0, 0, 1, 0.896758*((1.+(0.11259*x))/(1.+(0.105615*x))) + 0.0267551
1, mujets, down, 0, 0.0, 2.4, 100.0, 120.0, 0, 1, 0.896758*((1.+(0.11259*x))/(1.+(0.105615*x))) - 0.0267551
1, mujets, central, 0, 0.0, 2.4, 120.0, 160.0, 0, 1, 0.896758*((1.+(0.11259*x))/(1.+(0.105615*x)))
1, mujets, up, 0, 0.0, 2.4, 120.0, 160.0, 0, 1, 0.896758*((1.+(0.11259*x))/(1.+(0.105615*x))) + 0.029527
1, mujets, down, 0, 0.0, 2.4, 120.0, 160.0, 0, 1, 0.896758*((1.+(0.11259*x))/(1.+(0.105615*x))) - 0.029527
1, mujets, central, 0, 0.0, 2.4, 160.0, 210.0, 0, 1, 0.896758*((1.+(0.11259*x))/(1.+(0.105615*x)))
1, mujets, up, 0, 0.0, 2.4, 160.0, 210.0, 0, 1, 0.896758*((1.+(0.11259*x))/(1.+(0.105615*x))) + 0.0464665
1, mujets, down, 0, 0.0, 2.4, 160.0, 210.0, 0, 1, 0.896758*((1.+(0.11259*x))/(1.+(0.105615*x))) - 0.0464665
1, mujets, central, 0, 0.0, 2.4, 210.0, 260.0, 0, 1, 0.896758*((1.+(0.11259*x))/(1.+(0.105615*x)))
1, mujets, up, 0, 0.0, 2.4, 210.0, 260.0, 0, 1, 0.896758*((1.+(0.11259*x))/(1.+(0.105615*x))) + 0.0465713
1, mujets, down, 0, 0.0, 2.4, 210.0, 260.0, 0, 1, 0.896758*((1.+(0.11259*x))/(1.+(0.105615*x))) - 0.0465713
1, mujets, central, 0, 0.0, 2.4, 260.0, 320.0, 0, 1, 0.896758*((1.+(0.11259*x))/(1.+(0.105615*x)))
1, mujets, up, 0, 0.0, 2.4, 260.0, 320.0, 0, 1, 0.896758*((1.+(0.11259*x))/(1.+(0.105615*x))) + 0.0448391
1, mujets, down, 0, 0.0, 2.4, 260.0, 320.0, 0, 1, 0.896758*((1.+(0.11259*x))/(1.+(0.105615*x))) - 0.0448391
1, mujets, central, 0, 0.0, 2.4, 320.0, 400.0, 0, 1, 0.896758*((1.+(0.11259*x))/(1.+(0.105615*x)))
1, mujets, up, 0, 0.0, 2.4, 320.0, 400.0, 0, 1, 0.896758*((1.+(0.11259*x))/(1.+(0.105615*x))) + 0.0484107
1, mujets, down, 0, 0.0, 2.4, 320.0, 400.0, 0, 1, 0.896758*((1.+(0.11259*x))/(1.+(0.105615*x))) - 0.0484107
1, mujets, central, 0, 0.0, 2.4, 400.0, 500.0, 0, 1, 0.896758*((1.+(0.11259*x))/(1.+(0.105615*x)))
1, mujets, up, 0, 0.0, 2.4, 400.0, 500.0, 0, 1, 0.896758*((1.+(0.11259*x))/(1.+(0.105615*x))) + 0.0657275
1, mujets, down, 0, 0.0, 2.4, 400.0, 500.0, 0, 1, 0.896758*((1.+(0.11259*x))/(1.+(0.105615*x))) - 0.0657275
1, mujets, central, 0, 0.0, 2.4, 500.0, 600.0, 0, 1, 0.896758*((1.+(0.11259*x))/(1.+(0.105615*x)))
1, mujets, up, 0, 0.0, 2.4, 500.0, 600.0, 0, 1, 0.896758*((1.+(0.11259*x))/(1.+(0.105615*x))) + 0.0779454
1, mujets, down, 0, 0.0, 2.4, 500.0, 600.0, 0, 1, 0.896758*((1.+(0.11259*x))/(1.+(0.105615*x))) - 0.0779454
1, mujets, central, 0, 0.0, 2.4, 600.0, 800.0, 0, 1, 0.896758*((1.+(0.11259*x))/(1.+(0.105615*x)))
1, mujets, up, 0, 0.0, 2.4, 600.0, 800.0, 0, 1, 0.896758*((1.+(0.11259*x))/(1.+(0.105615*x))) + 0.0800651
1, mujets, down, 0, 0.0, 2.4, 600.0, 800.0, 0, 1, 0.896758*((1.+(0.11259*x))/(1.+(0.105615*x))) - 0.0800651
2, mujets, central, 0, 0.0, 2.4, 20.0, 30.0, 0, 1, 0.802128*((1.+(0.024399*x))/(1.+(0.0215834*x)))
2, mujets, up, 0, 0.0, 2.4, 20.0, 30.0, 0, 1, 0.802128*((1.+(0.024399*x))/(1.+(0.0215834*x))) + 0.0660802
2, mujets, down, 0, 0.0, 2.4, 20.0, 30.0, 0, 1, 0.802128*((1.+(0.024399*x))/(1.+(0.0215834*x))) - 0.0660802
2, mujets, central, 0, 0.0, 2.4, 30.0, 40.0, 0, 1, 0.802128*((1.+(0.024399*x))/(1.+(0.0215834*x)))
2, mujets, up, 0, 0.0, 2.4, 30.0, 40.0, 0, 1, 0.802128*((1.+(0.024399*x))/(1.+(0.0215834*x))) + 0.0299138
2, mujets, down, 0, 0.0, 2.4, 30.0, 40.0, 0, 1, 0.802128*((1.+(0.024399*x))/(1.+(0.0215834*x))) - 0.0299138
2, mujets, central, 0, 0.0, 2.4, 40.0, 50.0, 0, 1, 0.802128*((1.+(0.024399*x))/(1.+(0.0215834*x)))
2, mujets, up, 0, 0.0, 2.4, 40.0, 50.0, 0, 1, 0.802128*((1.+(0.024399*x))/(1.+(0.0215834*x))) + 0.032965
2, mujets, down, 0, 0.0, 2.4, 40.0, 50.0, 0, 1, 0.802128*((1.+(0.024399*x))/(1.+(0.0215834*x))) - 0.032965
2, mujets, central, 0, 0.0, 2.4, 50.0, 60.0, 0, 1, 0.802128*((1.+(0.024399*x))/(1.+(0.0215834*x)))
2, mujets, up, 0, 0.0, 2.4, 50.0, 60.0, 0, 1, 0.802128*((1.+(0.024399*x))/(1.+(0.0215834*x))) + 0.0339404
2, mujets, down, 0, 0.0, 2.4, 50.0, 60.0, 0, 1, 0.802128*((1.+(0.024399*x))/(1.+(0.0215834*x))) - 0.0339404
2, mujets, central, 0, 0.0, 2.4, 60.0, 70.0, 0, 1, 0.802128*((1.+(0.024399*x))/(1.+(0.0215834*x)))
2, mujets, up, 0, 0.0, 2.4, 60.0, 70.0, 0, 1, 0.802128*((1.+(0.024399*x))/(1.+(0.0215834*x))) + 0.0362514
2, mujets, down, 0, 0.0, 2.4, 60.0, 70.0, 0, 1, 0.802128*((1.+(0.024399*x))/(1.+(0.0215834*x))) - 0.0362514
2, mujets, central, 0, 0.0, 2.4, 70.0, 80.0, 0, 1, 0.802128*((1.+(0.024399*x))/(1.+(0.0215834*x)))
2, mujets, up, 0, 0.0, 2.4, 70.0, 80.0, 0, 1, 0.802128*((1.+(0.024399*x))/(1.+(0.0215834*x))) + 0.032763
2, mujets, down, 0, 0.0, 2.4, 70.0, 80.0, 0, 1, 0.802128*((1.+(0.024399*x))/(1.+(0.0215834*x))) - 0.032763
2, mujets, central, 0, 0.0, 2.4, 80.0, 100.0, 0, 1, 0.802128*((1.+(0.024399*x))/(1.+(0.0215834*x)))
2, mujets, up, 0, 0.0, 2.4, 80.0, 100.0, 0, 1, 0.802128*((1.+(0.024399*x))/(1.+(0.0215834*x))) + 0.0366435
2, mujets, down, 0, 0.0, 2.4, 80.0, 100.0, 0, 1, 0.802128*((1.+(0.024399*x))/(1.+(0.0215834*x))) - 0.0366435
2, mujets, central, 0, 0.0, 2.4, 100.0, 120.0, 0, 1, 0.802128*((1.+(0.024399*x))/(1.+(0.0215834*x)))
2, mujets, up, 0, 0.0, 2.4, 100.0, 120.0, 0, 1, 0.802128*((1.+(0.024399*x))/(1.+(0.0215834*x))) + 0.0380308
2, mujets, down, 0, 0.0, 2.4, 100.0, 120.0, 0, 1, 0.802128*((1.+(0.024399*x))/(1.+(0.0215834*x))) - 0.0380308
2, mujets, central, 0, 0.0, 2.4, 120.0, 160.0, 0, 1, 0.802128*((1.+(0.024399*x))/(1.+(0.0215834*x)))
2, mujets, up, 0, 0.0, 2.4, 120.0, 160.0, 0, 1, 0.802128*((1.+(0.024399*x))/(1.+(0.0215834*x))) + 0.0226763
2, mujets, down, 0, 0.0, 2.4, 120.0, 160.0, 0, 1, 0.802128*((1.+(0.024399*x))/(1.+(0.0215834*x))) - 0.0226763
2, mujets, central, 0, 0.0, 2.4, 160.0, 210.0, 0, 1, 0.802128*((1.+(0.024399*x))/(1.+(0.0215834*x)))
2, mujets, up, 0, 0.0, 2.4, 160.0, 210.0, 0, 1, 0.802128*((1.+(0.024399*x))/(1.+(0.0215834*x))) + 0.0411264
2, mujets, down, 0, 0.0, 2.4, 160.0, 210.0, 0, 1, 0.802128*((1.+(0.024399*x))/(1.+(0.0215834*x))) - 0.0411264
2, mujets, central, 0, 0.0, 2.4, 210.0, 260.0, 0, 1, 0.802128*((1.+(0.024399*x))/(1.+(0.0215834*x)))
2, mujets, up, 0, 0.0, 2.4, 210.0, 260.0, 0, 1, 0.802128*((1.+(0.024399*x))/(1.+(0.0215834*x))) + 0.0391758
2, mujets, down, 0, 0.0, 2.4, 210.0, 260.0, 0, 1, 0.802128*((1.+(0.024399*x))/(1.+(0.0215834*x))) - 0.0391758
2, mujets, central, 0, 0.0, 2.4, 260.0, 320.0, 0, 1, 0.802128*((1.+(0.024399*x))/(1.+(0.0215834*x)))
2, mujets, up, 0, 0.0, 2.4, 260.0, 320.0, 0, 1, 0.802128*((1.+(0.024399*x))/(1.+(0.0215834*x))) + 0.0406139
2, mujets, down, 0, 0.0, 2.4, 260.0, 320.0, 0, 1, 0.802128*((1.+(0.024399*x))/(1.+(0.0215834*x))) - 0.0406139
2, mujets, central, 0, 0.0, 2.4, 320.0, 400.0, 0, 1, 0.802128*((1.+(0.024399*x))/(1.+(0.0215834*x)))
2, mujets, up, 0, 0.0, 2.4, 320.0, 400.0, 0, 1, 0.802128*((1.+(0.024399*x))/(1.+(0.0215834*x))) + 0.0485344
2, mujets, down, 0, 0.0, 2.4, 320.0, 400.0, 0, 1, 0.802128*((1.+(0.024399*x))/(1.+(0.0215834*x))) - 0.0485344
2, mujets, central, 0, 0.0, 2.4, 400.0, 500.0, 0, 1, 0.802128*((1.+(0.024399*x))/(1.+(0.0215834*x)))
2, mujets, up, 0, 0.0, 2.4, 400.0, 500.0, 0, 1, 0.802128*((1.+(0.024399*x))/(1.+(0.0215834*x))) + 0.0604263
2, mujets, down, 0, 0.0, 2.4, 400.0, 500.0, 0, 1, 0.802128*((1.+(0.024399*x))/(1.+(0.0215834*x))) - 0.0604263
2, mujets, central, 0, 0.0, 2.4, 500.0, 600.0, 0, 1, 0.802128*((1.+(0.024399*x))/(1.+(0.0215834*x)))
2, mujets, up, 0, 0.0, 2.4, 500.0, 600.0, 0, 1, 0.802128*((1.+(0.024399*x))/(1.+(0.0215834*x))) + 0.113572
2, mujets, down, 0, 0.0, 2.4, 500.0, 600.0, 0, 1, 0.802128*((1.+(0.024399*x))/(1.+(0.0215834*x))) - 0.113572
2, mujets, central, 0, 0.0, 2.4, 600.0, 800.0, 0, 1, 0.802128*((1.+(0.024399*x))/(1.+(0.0215834*x)))
2, mujets, up, 0, 0.0, 2.4, 600.0, 800.0, 0, 1, 0.802128*((1.+(0.024399*x))/(1.+(0.0215834*x))) + 0.113872
2, mujets, down, 0, 0.0, 2.4, 600.0, 800.0, 0, 1, 0.802128*((1.+(0.024399*x))/(1.+(0.0215834*x))) - 0.113872
0, comb, central, 2, 0.0, 0.5, 20.0, 1000.0, 0, 1, (((0.991991+(0.000898777*x))+(-1.88002e-06*(x*x)))+(1.11276e-09*(x*(x*x))))
0, comb, up, 2, 0.0, 0.5, 20.0, 1000.0, 0, 1, (((0.991991+(0.000898777*x))+(-1.88002e-06*(x*x)))+(1.11276e-09*(x*(x*x)))) + ((((1.05319+(0.00110776*x))+(-2.38542e-06*(x*x)))+(1.42826e-09*(x*(x*x))))-(((0.930838+(0.000687929*x))+(-1.36976e-06*(x*x)))+(7.94486e-10*(x*(x*x)))))/2.0
0, comb, down, 2, 0.0, 0.5, 20.0, 1000.0, 0, 1, (((0.991991+(0.000898777*x))+(-1.88002e-06*(x*x)))+(1.11276e-09*(x*(x*x)))) - ((((1.05319+(0.00110776*x))+(-2.38542e-06*(x*x)))+(1.42826e-09*(x*(x*x))))-(((0.930838+(0.000687929*x))+(-1.36976e-06*(x*x)))+(7.94486e-10*(x*(x*x)))))/2.0
0, comb, central, 2, 0.5, 1.0, 20.0, 1000.0, 0, 1, (((0.96633+(0.000419215*x))+(-9.8654e-07*(x*x)))+(6.30396e-10*(x*(x*x))))
0, comb, up, 2, 0.5, 1.0, 20.0, 1000.0, 0, 1, (((0.96633+(0.000419215*x))+(-9.8654e-07*(x*x)))+(6.30396e-10*(x*(x*x)))) + ((((1.0279+(0.00051255*x))+(-1.24815e-06*(x*x)))+(8.07098e-10*(x*(x*x))))-(((0.904781+(0.000324913*x))+(-7.2229e-07*(x*x)))+(4.52185e-10*(x*(x*x)))))/2.0
0, comb, down, 2, 0.5, 1.0, 20.0, 1000.0, 0, 1, (((0.96633+(0.000419215*x))+(-9.8654e-07*(x*x)))+(6.30396e-10*(x*(x*x)))) - ((((1.0279+(0.00051255*x))+(-1.24815e-06*(x*x)))+(8.07098e-10*(x*(x*x))))-(((0.904781+(0.000324913*x))+(-7.2229e-07*(x*x)))+(4.52185e-10*(x*(x*x)))))/2.0
0, comb, central, 2, 1.0, 1.5, 20.0, 1000.0, 0, 1, (((0.968008+(0.000482491*x))+(-1.2496e-06*(x*x)))+(9.02736e-10*(x*(x*x))))
0, comb, up, 2, 1.0, 1.5, 20.0, 1000.0, 0, 1, (((0.968008+(0.000482491*x))+(-1.2496e-06*(x*x)))+(9.02736e-10*(x*(x*x)))) + ((((1.02142+(0.000633484*x))+(-1.6547e-06*(x*x)))+(1.18921e-09*(x*(x*x))))-(((0.914619+(0.000330357*x))+(-8.41216e-07*(x*x)))+(6.14504e-10*(x*(x*x)))))/2.0
0, comb, down, 2, 1.0, 1.5, 20.0, 1000.0, 0, 1, (((0.968008+(0.000482491*x))+(-1.2496e-06*(x*x)))+(9.02736e-10*(x*(x*x)))) - ((((1.02142+(0.000633484*x))+(-1.6547e-06*(x*x)))+(1.18921e-09*(x*(x*x))))-(((0.914619+(0.000330357*x))+(-8.41216e-07*(x*x)))+(6.14504e-10*(x*(x*x)))))/2.0
0, comb, central, 2, 1.5, 2.4, 20.0, 850.0, 0, 1, (((0.991448+(0.000765746*x))+(-2.26144e-06*(x*x)))+(1.65233e-09*(x*(x*x))))
0, comb, up, 2, 1.5, 2.4, 20.0, 850.0, 0, 1, (((0.991448+(0.000765746*x))+(-2.26144e-06*(x*x)))+(1.65233e-09*(x*(x*x)))) + ((((1.04894+(0.000861785*x))+(-2.57573e-06*(x*x)))+(1.90702e-09*(x*(x*x))))-(((0.933947+(0.000668609*x))+(-1.94474e-06*(x*x)))+(1.39774e-09*(x*(x*x)))))/2.0
0, comb, down, 2, 1.5, 2.4, 20.0, 850.0, 0, 1, (((0.991448+(0.000765746*x))+(-2.26144e-06*(x*x)))+(1.65233e-09*(x*(x*x)))) - ((((1.04894+(0.000861785*x))+(-2.57573e-06*(x*x)))+(1.90702e-09*(x*(x*x))))-(((0.933947+(0.000668609*x))+(-1.94474e-06*(x*x)))+(1.39774e-09*(x*(x*x)))))/2.0
1, comb, central, 2, 0.0, 0.8, 20.0, 1000.0, 0, 1, (((0.991457+(0.00130778*x))+(-2.98875e-06*(x*x)))+(1.81499e-09*(x*(x*x))))
1, comb, up, 2, 0.0, 0.8, 20.0, 1000.0, 0, 1, (((0.991457+(0.00130778*x))+(-2.98875e-06*(x*x)))+(1.81499e-09*(x*(x*x)))) + ((((1.16098+(0.00170403*x))+(-4.07382e-06*(x*x)))+(2.50873e-09*(x*(x*x))))-(((0.822012+(0.000908344*x))+(-1.89516e-06*(x*x)))+(1.1163e-09*(x*(x*x)))))/2.0
1, comb, down, 2, 0.0, 0.8, 20.0, 1000.0, 0, 1, (((0.991457+(0.00130778*x))+(-2.98875e-06*(x*x)))+(1.81499e-09*(x*(x*x)))) - ((((1.16098+(0.00170403*x))+(-4.07382e-06*(x*x)))+(2.50873e-09*(x*(x*x))))-(((0.822012+(0.000908344*x))+(-1.89516e-06*(x*x)))+(1.1163e-09*(x*(x*x)))))/2.0
1, comb, central, 2, 0.8, 1.6, 20.0, 1000.0, 0, 1, (((1.00576+(0.00121353*x))+(-3.20601e-06*(x*x)))+(2.15905e-09*(x*(x*x))))
1, comb, up, 2, 0.8, 1.6, 20.0, 1000.0, 0, 1, (((1.00576+(0.00121353*x))+(-3.20601e-06*(x*x)))+(2.15905e-09*(x*(x*x)))) + ((((1.16598+(0.00168902*x))+(-4.64013e-06*(x*x)))+(3.15214e-09*(x*(x*x))))-(((0.845597+(0.000734909*x))+(-1.76311e-06*(x*x)))+(1.16104e-09*(x*(x*x)))))/2.0
1, comb, down, 2, 0.8, 1.6, 20.0, 1000.0, 0, 1, (((1.00576+(0.00121353*x))+(-3.20601e-06*(x*x)))+(2.15905e-09*(x*(x*x)))) - ((((1.16598+(0.00168902*x))+(-4.64013e-06*(x*x)))+(3.15214e-09*(x*(x*x))))-(((0.845597+(0.000734909*x))+(-1.76311e-06*(x*x)))+(1.16104e-09*(x*(x*x)))))/2.0
1, comb, central, 2, 1.6, 2.4, 20.0, 850.0, 0, 1, (((0.939038+(0.00226026*x))+(-7.38544e-06*(x*x)))+(5.77162e-09*(x*(x*x))))
1, comb, up, 2, 1.6, 2.4, 20.0, 850.0, 0, 1, (((0.939038+(0.00226026*x))+(-7.38544e-06*(x*x)))+(5.77162e-09*(x*(x*x)))) + ((((1.07417+(0.00285862*x))+(-9.56945e-06*(x*x)))+(7.66167e-09*(x*(x*x))))-(((0.803867+(0.00165886*x))+(-5.19532e-06*(x*x)))+(3.88441e-09*(x*(x*x)))))/2.0
1, comb, down, 2, 1.6, 2.4, 20.0, 850.0, 0, 1, (((0.939038+(0.00226026*x))+(-7.38544e-06*(x*x)))+(5.77162e-09*(x*(x*x)))) - ((((1.07417+(0.00285862*x))+(-9.56945e-06*(x*x)))+(7.66167e-09*(x*(x*x))))-(((0.803867+(0.00165886*x))+(-5.19532e-06*(x*x)))+(3.88441e-09*(x*(x*x)))))/2.0
2, comb, central, 2, 0.0, 2.4, 20.0, 1000.0, 0, 1, (((0.953235+(0.00206692*x))+(-5.21754e-06*(x*x)))+(3.44893e-09*(x*(x*x))))
2, comb, up, 2, 0.0, 2.4, 20.0, 1000.0, 0, 1, (((0.953235+(0.00206692*x))+(-5.21754e-06*(x*x)))+(3.44893e-09*(x*(x*x)))) + ((((1.26372+(0.0023265*x))+(-6.2548e-06*(x*x)))+(4.20761e-09*(x*(x*x))))-(((0.642947+(0.00180129*x))+(-4.16373e-06*(x*x)))+(2.68061e-09*(x*(x*x)))))/2.0
2, comb, down, 2, 0.0, 2.4, 20.0, 1000.0, 0, 1, (((0.953235+(0.00206692*x))+(-5.21754e-06*(x*x)))+(3.44893e-09*(x*(x*x)))) - ((((1.26372+(0.0023265*x))+(-6.2548e-06*(x*x)))+(4.20761e-09*(x*(x*x))))-(((0.642947+(0.00180129*x))+(-4.16373e-06*(x*x)))+(2.68061e-09*(x*(x*x)))))/2.0
3, ttbar, central, 0, 0.0, 2.4, 20, 99999, 0.15, 1.0, 1.02065*x*x*x*x-2.55246*x*x*x+1.95819*x*x-0.655278*x+1.06174
3, ttbar, up, 0, 0.0, 2.4, 20, 99999, 0.15, 1.0, 1.02065*x*x*x*x-2.55246*x*x*x+1.95819*x*x-0.655278*x+1.06174 + 0.02
3, ttbar, down, 0, 0.0, 2.4, 20, 99999, 0.15, 1.0, 1.02065*x*x*x*x-2.55246*x*x*x+1.95819*x*x-0.655278*x+1.06174 - 0.02
0, ttbar, central, 0, 0.0, 2.4, 0.0, 499.0, 0, 1, 0.968
0, ttbar, up, 0, 0.0, 2.4, 0.0, 499.0, 0, 1, 0.986
0, ttbar, down, 0, 0.0, 2.4, 0.0, 499.0, 0, 1, 0.95
1, ttbar, central, 0, 0.0, 2.4, 0.0, 499.0, 0, 1, 0.97
1, ttbar, up, 0, 0.0, 2.4, 0.0, 499.0, 0, 1, 0.987
1, ttbar, down, 0, 0.0, 2.4, 0.0, 499.0, 0, 1, 0.953
2, ttbar, central, 0, 0.0, 2.4, 0.0, 499.0, 0, 1, 0.902
2, ttbar, up, 0, 0.0, 2.4, 0.0, 499.0, 0, 1, 0.929
2, ttbar, down, 0, 0.0, 2.4, 0.0, 499.0, 0, 1, 0.875

0, mujets, central, 1, 0, 2.4, 20, 30, 0, 1, "1.65936*((1.+(0.546853*x))/(1.+(0.93234*x)))" 
0, mujets, down, 1, 0, 2.4, 20, 30, 0, 1, "2*(1.65936*((1.+(0.546853*x))/(1.+(0.93234*x)))-0.0357984)-(1.65936*((1.+(0.546853*x))/(1.+(0.93234*x))))" 
0, mujets, up, 1, 0, 2.4, 20, 30, 0, 1, "2*(1.65936*((1.+(0.546853*x))/(1.+(0.93234*x)))+0.0357984)-(1.65936*((1.+(0.546853*x))/(1.+(0.93234*x))))" 
1, mujets, central, 1, 0, 2.4, 20, 30, 0, 1, "0.896758*((1.+(0.11259*x))/(1.+(0.105615*x)))" 
1, mujets, down, 1, 0, 2.4, 20, 30, 0, 1, "2*(0.896758*((1.+(0.11259*x))/(1.+(0.105615*x)))-0.0479569)-(0.896758*((1.+(0.11259*x))/(1.+(0.105615*x))))" 
1, mujets, up, 1, 0, 2.4, 20, 30, 0, 1, "2*(0.896758*((1.+(0.11259*x))/(1.+(0.105615*x)))+0.0479569)-(0.896758*((1.+(0.11259*x))/(1.+(0.105615*x))))" 
2, mujets, central, 1, 0, 2.4, 20, 30, 0, 1, "0.802128*((1.+(0.024399*x))/(1.+(0.0215834*x)))" 
2, mujets, down, 1, 0, 2.4, 20, 30, 0, 1, "2*(0.802128*((1.+(0.024399*x))/(1.+(0.0215834*x)))-0.0660802)-(0.802128*((1.+(0.024399*x))/(1.+(0.0215834*x))))" 
2, mujets, up, 1, 0, 2.4, 20, 30, 0, 1, "2*(0.802128*((1.+(0.024399*x))/(1.+(0.0215834*x)))+0.0660802)-(0.802128*((1.+(0.024399*x))/(1.+(0.0215834*x))))" 
0, mujets, central, 1, 0, 2.4, 30, 40, 0, 1, "1.65936*((1.+(0.546853*x))/(1.+(0.93234*x)))" 
0, mujets, down, 1, 0, 2.4, 30, 40, 0, 1, "2*(1.65936*((1.+(0.546853*x))/(1.+(0.93234*x)))-0.017992)-(1.65936*((1.+(0.546853*x))/(1.+(0.93234*x))))" 
0, mujets, up, 1, 0, 2.4, 30, 40, 0, 1, "2*(1.65936*((1.+(0.546853*x))/(1.+(0.93234*x)))+0.017992)-(1.65936*((1.+(0.546853*x))/(1.+(0.93234*x))))" 
1, mujets, central, 1, 0, 2.4, 30, 40, 0, 1, "0.896758*((1.+(0.11259*x))/(1.+(0.105615*x)))" 
1, mujets, down, 1, 0, 2.4, 30, 40, 0, 1, "2*(0.896758*((1.+(0.11259*x))/(1.+(0.105615*x)))-0.0279306)-(0.896758*((1.+(0.11259*x))/(1.+(0.105615*x))))" 
1, mujets, up, 1, 0, 2.4, 30, 40, 0, 1, "2*(0.896758*((1.+(0.11259*x))/(1.+(0.105615*x)))+0.0279306)-(0.896758*((1.+(0.11259*x))/(1.+(0.105615*x))))" 
2, mujets, central, 1, 0, 2.4, 30, 40, 0, 1, "0.802128*((1.+(0.024399*x))/(1.+(0.0215834*x)))" 
2, mujets, down, 1, 0, 2.4, 30, 40, 0, 1, "2*(0.802128*((1.+(0.024399*x))/(1.+(0.0215834*x)))-0.0299138)-(0.802128*((1.+(0.024399*x))/(1.+(0.0215834*x))))" 
2, mujets, up, 1, 0, 2.4, 30, 40, 0, 1, "2*(0.802128*((1.+(0.024399*x))/(1.+(0.0215834*x)))+0.0299138)-(0.802128*((1.+(0.024399*x))/(1.+(0.0215834*x))))" 
0, mujets, central, 1, 0, 2.4, 40, 50, 0, 1, "1.65936*((1.+(0.546853*x))/(1.+(0.93234*x)))" 
0, mujets, down, 1, 0, 2.4, 40, 50, 0, 1, "2*(1.65936*((1.+(0.546853*x))/(1.+(0.93234*x)))-0.0169184)-(1.65936*((1.+(0.546853*x))/(1.+(0.93234*x))))" 
0, mujets, up, 1, 0, 2.4, 40, 50, 0, 1, "2*(1.65936*((1.+(0.546853*x))/(1.+(0.93234*x)))+0.0169184)-(1.65936*((1.+(0.546853*x))/(1.+(0.93234*x))))" 
1, mujets, central, 1, 0, 2.4, 40, 50, 0, 1, "0.896758*((1.+(0.11259*x))/(1.+(0.105615*x)))" 
1, mujets, down, 1, 0, 2.4, 40, 50, 0, 1, "2*(0.896758*((1.+(0.11259*x))/(1.+(0.105615*x)))-0.0318744)-(0.896758*((1.+(0.11259*x))/(1.+(0.105615*x))))" 
1, mujets, up, 1, 0, 2.4, 40, 50, 0, 1, "2*(0.896758*((1.+(0.11259*x))/(1.+(0.105615*x)))+0.0318744)-(0.896758*((1.+(0.11259*x))/(1.+(0.105615*x))))" 
2, mujets, central, 1, 0, 2.4, 40, 50, 0, 1, "0.802128*((1.+(0.024399*x))/(1.+(0.0215834*x)))" 
2, mujets, down, 1, 0, 2.4, 40, 50, 0, 1, "2*(0.802128*((1.+(0.024399*x))/(1.+(0.0215834*x)))-0.032965)-(0.802128*((1.+(0.024399*x))/(1.+(0.0215834*x))))" 
2, mujets, up, 1, 0, 2.4, 40, 50, 0, 1, "2*(0.802128*((1.+(0.024399*x))/(1.+(0.0215834*x)))+0.032965)-(0.802128*((1.+(0.024399*x))/(1.+(0.0215834*x))))" 
0, mujets, central, 1, 0, 2.4, 50, 60, 0, 1, "1.65936*((1.+(0.546853*x))/(1.+(0.93234*x)))" 
0, mujets, down, 1, 0, 2.4, 50, 60, 0, 1, "2*(1.65936*((1.+(0.546853*x))/(1.+(0.93234*x)))-0.0200852)-(1.65936*((1.+(0.546853*x))/(1.+(0.93234*x))))" 
0, mujets, up, 1, 0, 2.4, 50, 60, 0, 1, "2*(1.65936*((1.+(0.546853*x))/(1.+(0.93234*x)))+0.0200852)-(1.65936*((1.+(0.546853*x))/(1.+(0.93234*x))))" 
1, mujets, central, 1, 0, 2.4, 50, 60, 0, 1, "0.896758*((1.+(0.11259*x))/(1.+(0.105615*x)))" 
1, mujets, down, 1, 0, 2.4, 50, 60, 0, 1, "2*(0.896758*((1.+(0.11259*x))/(1.+(0.105615*x)))-0.0320554)-(0.896758*((1.+(0.11259*x))/(1.+(0.105615*x))))" 
1, mujets, up, 1, 0, 2.4, 50, 60, 0, 1, "2*(0.896758*((1.+(0.11259*x))/(1.+(0.105615*x)))+0.0320554)-(0.896758*((1.+(0.11259*x))/(1.+(0.105615*x))))" 
2, mujets, central, 1, 0, 2.4, 50, 60, 0, 1, "0.802128*((1.+(0.024399*x))/(1.+(0.0215834*x)))" 
2, mujets, down, 1, 0, 2.4, 50, 60, 0, 1, "2*(0.802128*((1.+(0.024399*x))/(1.+(0.0215834*x)))-0.0339404)-(0.802128*((1.+(0.024399*x))/(1.+(0.0215834*x))))" 
2, mujets, up, 1, 0, 2.4, 50, 60, 0, 1, "2*(0.802128*((1.+(0.024399*x))/(1.+(0.0215834*x)))+0.0339404)-(0.802128*((1.+(0.024399*x))/(1.+(0.0215834*x))))" 
0, mujets, central, 1, 0, 2.4, 60, 70, 0, 1, "1.65936*((1.+(0.546853*x))/(1.+(0.93234*x)))" 
0, mujets, down, 1, 0, 2.4, 60, 70, 0, 1, "2*(1.65936*((1.+(0.546853*x))/(1.+(0.93234*x)))-0.0210594)-(1.65936*((1.+(0.546853*x))/(1.+(0.93234*x))))" 
0, mujets, up, 1, 0, 2.4, 60, 70, 0, 1, "2*(1.65936*((1.+(0.546853*x))/(1.+(0.93234*x)))+0.0210594)-(1.65936*((1.+(0.546853*x))/(1.+(0.93234*x))))" 
1, mujets, central, 1, 0, 2.4, 60, 70, 0, 1, "0.896758*((1.+(0.11259*x))/(1.+(0.105615*x)))" 
1, mujets, down, 1, 0, 2.4, 60, 70, 0, 1, "2*(0.896758*((1.+(0.11259*x))/(1.+(0.105615*x)))-0.0316665)-(0.896758*((1.+(0.11259*x))/(1.+(0.105615*x))))" 
1, mujets, up, 1, 0, 2.4, 60, 70, 0, 1, "2*(0.896758*((1.+(0.11259*x))/(1.+(0.105615*x)))+0.0316665)-(0.896758*((1.+(0.11259*x))/(1.+(0.105615*x))))" 
2, mujets, central, 1, 0, 2.4, 60, 70, 0, 1, "0.802128*((1.+(0.024399*x))/(1.+(0.0215834*x)))" 
2, mujets, down, 1, 0, 2.4, 60, 70, 0, 1, "2*(0.802128*((1.+(0.024399*x))/(1.+(0.0215834*x)))-0.0362514)-(0.802128*((1.+(0.024399*x))/(1.+(0.0215834*x))))" 
2, mujets, up, 1, 0, 2.4, 60, 70, 0, 1, "2*(0.802128*((1.+(0.024399*x))/(1.+(0.0215834*x)))+0.0362514)-(0.802128*((1.+(0.024399*x))/(1.+(0.0215834*x))))" 
0, mujets, central, 1, 0, 2.4, 70, 80, 0, 1, "1.65936*((1.+(0.546853*x))/(1.+(0.93234*x)))" 
0, mujets, down, 1, 0, 2.4, 70, 80, 0, 1, "2*(1.65936*((1.+(0.546853*x))/(1.+(0.93234*x)))-0.0180289)-(1.65936*((1.+(0.546853*x))/(1.+(0.93234*x))))" 
0, mujets, up, 1, 0, 2.4, 70, 80, 0, 1, "2*(1.65936*((1.+(0.546853*x))/(1.+(0.93234*x)))+0.0180289)-(1.65936*((1.+(0.546853*x))/(1.+(0.93234*x))))" 
1, mujets, central, 1, 0, 2.4, 70, 80, 0, 1, "0.896758*((1.+(0.11259*x))/(1.+(0.105615*x)))" 
1, mujets, down, 1, 0, 2.4, 70, 80, 0, 1, "2*(0.896758*((1.+(0.11259*x))/(1.+(0.105615*x)))-0.0301609)-(0.896758*((1.+(0.11259*x))/(1.+(0.105615*x))))" 
1, mujets, up, 1, 0, 2.4, 70, 80, 0, 1, "2*(0.896758*((1.+(0.11259*x))/(1.+(0.105615*x)))+0.0301609)-(0.896758*((1.+(0.11259*x))/(1.+(0.105615*x))))" 
2, mujets, central, 1, 0, 2.4, 70, 80, 0, 1, "0.802128*((1.+(0.024399*x))/(1.+(0.0215834*x)))" 
2, mujets, down, 1, 0, 2.4, 70, 80, 0, 1, "2*(0.802128*((1.+(0.024399*x))/(1.+(0.0215834*x)))-0.032763)-(0.802128*((1.+(0.024399*x))/(1.+(0.0215834*x))))" 
2, mujets, up, 1, 0, 2.4, 70, 80, 0, 1, "2*(0.802128*((1.+(0.024399*x))/(1.+(0.0215834*x)))+0.032763)-(0.802128*((1.+(0.024399*x))/(1.+(0.0215834*x))))" 
0, mujets, central, 1, 0, 2.4, 80, 100, 0, 1, "1.65936*((1.+(0.546853*x))/(1.+(0.93234*x)))" 
0, mujets, down, 1, 0, 2.4, 80, 100, 0, 1, "2*(1.65936*((1.+(0.546853*x))/(1.+(0.93234*x)))-0.0206386)-(1.65936*((1.+(0.546853*x))/(1.+(0.93234*x))))" 
0, mujets, up, 1, 0, 2.4, 80, 100, 0, 1, "2*(1.65936*((1.+(0.546853*x))/(1.+(0.93234*x)))+0.0206386)-(1.65936*((1.+(0.546853*x))/(1.+(0.93234*x))))" 
1, mujets, central, 1, 0, 2.4, 80, 100, 0, 1, "0.896758*((1.+(0.11259*x))/(1.+(0.105615*x)))" 
1, mujets, down, 1, 0, 2.4, 80, 100, 0, 1, "2*(0.896758*((1.+(0.11259*x))/(1.+(0.105615*x)))-0.0275172)-(0.896758*((1.+(0.11259*x))/(1.+(0.105615*x))))" 
1, mujets, up, 1, 0, 2.4, 80, 100, 0, 1, "2*(0.896758*((1.+(0.11259*x))/(1.+(0.105615*x)))+0.0275172)-(0.896758*((1.+(0.11259*x))/(1.+(0.105615*x))))" 
2, mujets, central, 1, 0, 2.4, 80, 100, 0, 1, "0.802128*((1.+(0.024399*x))/(1.+(0.0215834*x)))" 
2, mujets, down, 1, 0, 2.4, 80, 100, 0, 1, "2*(0.802128*((1.+(0.024399*x))/(1.+(0.0215834*x)))-0.0366435)-(0.802128*((1.+(0.024399*x))/(1.+(0.0215834*x))))" 
2, mujets, up, 1, 0, 2.4, 80, 100, 0, 1, "2*(0.802128*((1.+(0.024399*x))/(1.+(0.0215834*x)))+0.0366435)-(0.802128*((1.+(0.024399*x))/(1.+(0.0215834*x))))" 
0, mujets, central, 1, 0, 2.4, 100, 120, 0, 1, "1.65936*((1.+(0.546853*x))/(1.+(0.93234*x)))" 
0, mujets, down, 1, 0, 2.4, 100, 120, 0, 1, "2*(1.65936*((1.+(0.546853*x))/(1.+(0.93234*x)))-0.0196933)-(1.65936*((1.+(0.546853*x))/(1.+(0.93234*x))))" 
0, mujets, up, 1, 0, 2.4, 100, 120, 0, 1, "2*(1.65936*((1.+(0.546853*x))/(1.+(0.93234*x)))+0.0196933)-(1.65936*((1.+(0.546853*x))/(1.+(0.93234*x))))" 
1, mujets, central, 1, 0, 2.4, 100, 120, 0, 1, "0.896758*((1.+(0.11259*x))/(1.+(0.105615*x)))" 
1, mujets, down, 1, 0, 2.4, 100, 120, 0, 1, "2*(0.896758*((1.+(0.11259*x))/(1.+(0.105615*x)))-0.0267551)-(0.896758*((1.+(0.11259*x))/(1.+(0.105615*x))))" 
1, mujets, up, 1, 0, 2.4, 100, 120, 0, 1, "2*(0.896758*((1.+(0.11259*x))/(1.+(0.105615*x)))+0.0267551)-(0.896758*((1.+(0.11259*x))/(1.+(0.105615*x))))" 
2, mujets, central, 1, 0, 2.4, 100, 120, 0, 1, "0.802128*((1.+(0.024399*x))/(1.+(0.0215834*x)))" 
2, mujets, down, 1, 0, 2.4, 100, 120, 0, 1, "2*(0.802128*((1.+(0.024399*x))/(1.+(0.0215834*x)))-0.0380308)-(0.802128*((1.+(0.024399*x))/(1.+(0.0215834*x))))" 
2, mujets, up, 1, 0, 2.4, 100, 120, 0, 1, "2*(0.802128*((1.+(0.024399*x))/(1.+(0.0215834*x)))+0.0380308)-(0.802128*((1.+(0.024399*x))/(1.+(0.0215834*x))))" 
0, mujets, central, 1, 0, 2.4, 120, 160, 0, 1, "1.65936*((1.+(0.546853*x))/(1.+(0.93234*x)))" 
0, mujets, down, 1, 0, 2.4, 120, 160, 0, 1, "2*(1.65936*((1.+(0.546853*x))/(1.+(0.93234*x)))-0.0155165)-(1.65936*((1.+(0.546853*x))/(1.+(0.93234*x))))" 
0, mujets, up, 1, 0, 2.4, 120, 160, 0, 1, "2*(1.65936*((1.+(0.546853*x))/(1.+(0.93234*x)))+0.0155165)-(1.65936*((1.+(0.546853*x))/(1.+(0.93234*x))))" 
1, mujets, central, 1, 0, 2.4, 120, 160, 0, 1, "0.896758*((1.+(0.11259*x))/(1.+(0.105615*x)))" 
1, mujets, down, 1, 0, 2.4, 120, 160, 0, 1, "2*(0.896758*((1.+(0.11259*x))/(1.+(0.105615*x)))-0.029527)-(0.896758*((1.+(0.11259*x))/(1.+(0.105615*x))))" 
1, mujets, up, 1, 0, 2.4, 120, 160, 0, 1, "2*(0.896758*((1.+(0.11259*x))/(1.+(0.105615*x)))+0.029527)-(0.896758*((1.+(0.11259*x))/(1.+(0.105615*x))))" 
2, mujets, central, 1, 0, 2.4, 120, 160, 0, 1, "0.802128*((1.+(0.024399*x))/(1.+(0.0215834*x)))" 
2, mujets, down, 1, 0, 2.4, 120, 160, 0, 1, "2*(0.802128*((1.+(0.024399*x))/(1.+(0.0215834*x)))-0.0226763)-(0.802128*((1.+(0.024399*x))/(1.+(0.0215834*x))))" 
2, mujets, up, 1, 0, 2.4, 120, 160, 0, 1, "2*(0.802128*((1.+(0.024399*x))/(1.+(0.0215834*x)))+0.0226763)-(0.802128*((1.+(0.024399*x))/(1.+(0.0215834*x))))" 
0, mujets, central, 1, 0, 2.4, 160, 210, 0, 1, "1.65936*((1.+(0.546853*x))/(1.+(0.93234*x)))" 
0, mujets, down, 1, 0, 2.4, 160, 210, 0, 1, "2*(1.65936*((1.+(0.546853*x))/(1.+(0.93234*x)))-0.0230007)-(1.65936*((1.+(0.546853*x))/(1.+(0.93234*x))))" 
0, mujets, up, 1, 0, 2.4, 160, 210, 0, 1, "2*(1.65936*((1.+(0.546853*x))/(1.+(0.93234*x)))+0.0230007)-(1.65936*((1.+(0.546853*x))/(1.+(0.93234*x))))" 
1, mujets, central, 1, 0, 2.4, 160, 210, 0, 1, "0.896758*((1.+(0.11259*x))/(1.+(0.105615*x)))" 
1, mujets, down, 1, 0, 2.4, 160, 210, 0, 1, "2*(0.896758*((1.+(0.11259*x))/(1.+(0.105615*x)))-0.0464665)-(0.896758*((1.+(0.11259*x))/(1.+(0.105615*x))))" 
1, mujets, up, 1, 0, 2.4, 160, 210, 0, 1, "2*(0.896758*((1.+(0.11259*x))/(1.+(0.105615*x)))+0.0464665)-(0.896758*((1.+(0.11259*x))/(1.+(0.105615*x))))" 
2, mujets, central, 1, 0, 2.4, 160, 210, 0, 1, "0.802128*((1.+(0.024399*x))/(1.+(0.0215834*x)))" 
2, mujets, down, 1, 0, 2.4, 160, 210, 0, 1, "2*(0.802128*((1.+(0.024399*x))/(1.+(0.0215834*x)))-0.0411264)-(0.802128*((1.+(0.024399*x))/(1.+(0.0215834*x))))" 
2, mujets, up, 1, 0, 2.4, 160, 210, 0, 1, "2*(0.802128*((1.+(0.024399*x))/(1.+(0.0215834*x)))+0.0411264)-(0.802128*((1.+(0.024399*x))/(1.+(0.0215834*x))))" 
0, mujets, central, 1, 0, 2.4, 210, 260, 0, 1, "1.65936*((1.+(0.546853*x))/(1.+(0.93234*x)))" 
0, mujets, down, 1, 0, 2.4, 210, 260, 0, 1, "2*(1.65936*((1.+(0.546853*x))/(1.+(0.93234*x)))-0.0233707)-(1.65936*((1.+(0.546853*x))/(1.+(0.93234*x))))" 
0, mujets, up, 1, 0, 2.4, 210, 260, 0, 1, "2*(1.65936*((1.+(0.546853*x))/(1.+(0.93234*x)))+0.0233707)-(1.65936*((1.+(0.546853*x))/(1.+(0.93234*x))))" 
1, mujets, central, 1, 0, 2.4, 210, 260, 0, 1, "0.896758*((1.+(0.11259*x))/(1.+(0.105615*x)))" 
1, mujets, down, 1, 0, 2.4, 210, 260, 0, 1, "2*(0.896758*((1.+(0.11259*x))/(1.+(0.105615*x)))-0.0465713)-(0.896758*((1.+(0.11259*x))/(1.+(0.105615*x))))" 
1, mujets, up, 1, 0, 2.4, 210, 260, 0, 1, "2*(0.896758*((1.+(0.11259*x))/(1.+(0.105615*x)))+0.0465713)-(0.896758*((1.+(0.11259*x))/(1.+(0.105615*x))))" 
2, mujets, central, 1, 0, 2.4, 210, 260, 0, 1, "0.802128*((1.+(0.024399*x))/(1.+(0.0215834*x)))" 
2, mujets, down, 1, 0, 2.4, 210, 260, 0, 1, "2*(0.802128*((1.+(0.024399*x))/(1.+(0.0215834*x)))-0.0391758)-(0.802128*((1.+(0.024399*x))/(1.+(0.0215834*x))))" 
2, mujets, up, 1, 0, 2.4, 210, 260, 0, 1, "2*(0.802128*((1.+(0.024399*x))/(1.+(0.0215834*x)))+0.0391758)-(0.802128*((1.+(0.024399*x))/(1.+(0.0215834*x))))" 
0, mujets, central, 1, 0, 2.4, 260, 320, 0, 1, "1.65936*((1.+(0.546853*x))/(1.+(0.93234*x)))" 
0, mujets, down, 1, 0, 2.4, 260, 320, 0, 1, "2*(1.65936*((1.+(0.546853*x))/(1.+(0.93234*x)))-0.0197976)-(1.65936*((1.+(0.546853*x))/(1.+(0.93234*x))))" 
0, mujets, up, 1, 0, 2.4, 260, 320, 0, 1, "2*(1.65936*((1.+(0.546853*x))/(1.+(0.93234*x)))+0.0197976)-(1.65936*((1.+(0.546853*x))/(1.+(0.93234*x))))" 
1, mujets, central, 1, 0, 2.4, 260, 320, 0, 1, "0.896758*((1.+(0.11259*x))/(1.+(0.105615*x)))" 
1, mujets, down, 1, 0, 2.4, 260, 320, 0, 1, "2*(0.896758*((1.+(0.11259*x))/(1.+(0.105615*x)))-0.0448391)-(0.896758*((1.+(0.11259*x))/(1.+(0.105615*x))))" 
1, mujets, up, 1, 0, 2.4, 260, 320, 0, 1, "2*(0.896758*((1.+(0.11259*x))/(1.+(0.105615*x)))+0.0448391)-(0.896758*((1.+(0.11259*x))/(1.+(0.105615*x))))" 
2, mujets, central, 1, 0, 2.4, 260, 320, 0, 1, "0.802128*((1.+(0.024399*x))/(1.+(0.0215834*x)))" 
2, mujets, down, 1, 0, 2.4, 260, 320, 0, 1, "2*(0.802128*((1.+(0.024399*x))/(1.+(0.0215834*x)))-0.0406139)-(0.802128*((1.+(0.024399*x))/(1.+(0.0215834*x))))" 
2, mujets, up, 1, 0, 2.4, 260, 320, 0, 1, "2*(0.802128*((1.+(0.024399*x))/(1.+(0.0215834*x)))+0.0406139)-(0.802128*((1.+(0.024399*x))/(1.+(0.0215834*x))))" 
0, mujets, central, 1, 0, 2.4, 320, 400, 0, 1, "1.65936*((1.+(0.546853*x))/(1.+(0.93234*x)))" 
0, mujets, down, 1, 0, 2.4, 320, 400, 0, 1, "2*(1.65936*((1.+(0.546853*x))/(1.+(0.93234*x)))-0.029301)-(1.65936*((1.+(0.546853*x))/(1.+(0.93234*x))))" 
0, mujets, up, 1, 0, 2.4, 320, 400, 0, 1, "2*(1.65936*((1.+(0.546853*x))/(1.+(0.93234*x)))+0.029301)-(1.65936*((1.+(0.546853*x))/(1.+(0.93234*x))))" 
1, mujets, central, 1, 0, 2.4, 320, 400, 0, 1, "0.896758*((1.+(0.11259*x))/(1.+(0.105615*x)))" 
1, mujets, down, 1, 0, 2.4, 320, 400, 0, 1, "2*(0.896758*((1.+(0.11259*x))/(1.+(0.105615*x)))-0.0484107)-(0.896758*((1.+(0.11259*x))/(1.+(0.105615*x))))" 
1, mujets, up, 1, 0, 2.4, 320, 400, 0, 1, "2*(0.896758*((1.+(0.11259*x))/(1.+(0.105615*x)))+0.0484107)-(0.896758*((1.+(0.11259*x))/(1.+(0.105615*x))))" 
2, mujets, central, 1, 0, 2.4, 320, 400, 0, 1, "0.802128*((1.+(0.024399*x))/(1.+(0.0215834*x)))" 
2, mujets, down, 1, 0, 2.4, 320, 400, 0, 1, "2*(0.802128*((1.+(0.024399*x))/(1.+(0.0215834*x)))-0.0485344)-(0.802128*((1.+(0.024399*x))/(1.+(0.0215834*x))))" 
2, mujets, up, 1, 0, 2.4, 320, 400, 0, 1, "2*(0.802128*((1.+(0.024399*x))/(1.+(0.0215834*x)))+0.0485344)-(0.802128*((1.+(0.024399*x))/(1.+(0.0215834*x))))" 
0, mujets, central, 1, 0, 2.4, 400, 500, 0, 1, "1.65936*((1.+(0.546853*x))/(1.+(0.93234*x)))" 
0, mujets, down, 1, 0, 2.4, 400, 500, 0, 1, "2*(1.65936*((1.+(0.546853*x))/(1.+(0.93234*x)))-0.0488732)-(1.65936*((1.+(0.546853*x))/(1.+(0.93234*x))))" 
0, mujets, up, 1, 0, 2.4, 400, 500, 0, 1, "2*(1.65936*((1.+(0.546853*x))/(1.+(0.93234*x)))+0.0488732)-(1.65936*((1.+(0.546853*x))/(1.+(0.93234*x))))" 
1, mujets, central, 1, 0, 2.4, 400, 500, 0, 1, "0.896758*((1.+(0.11259*x))/(1.+(0.105615*x)))" 
1, mujets, down, 1, 0, 2.4, 400, 500, 0, 1, "2*(0.896758*((1.+(0.11259*x))/(1.+(0.105615*x)))-0.0657275)-(0.896758*((1.+(0.11259*x))/(1.+(0.105615*x))))" 
1, mujets, up, 1, 0, 2.4, 400, 500, 0, 1, "2*(0.896758*((1.+(0.11259*x))/(1.+(0.105615*x)))+0.0657275)-(0.896758*((1.+(0.11259*x))/(1.+(0.105615*x))))" 
2, mujets, central, 1, 0, 2.4, 400, 500, 0, 1, "0.802128*((1.+(0.024399*x))/(1.+(0.0215834*x)))" 
2, mujets, down, 1, 0, 2.4, 400, 500, 0, 1, "2*(0.802128*((1.+(0.024399*x))/(1.+(0.0215834*x)))-0.0604263)-(0.802128*((1.+(0.024399*x))/(1.+(0.0215834*x))))" 
2, mujets, up, 1, 0, 2.4, 400, 500, 0, 1, "2*(0.802128*((1.+(0.024399*x))/(1.+(0.0215834*x)))+0.0604263)-(0.802128*((1.+(0.024399*x))/(1.+(0.0215834*x))))" 
0, mujets, central, 1, 0, 2.4, 500, 600, 0, 1, "1.65936*((1.+(0.546853*x))/(1.+(0.93234*x)))" 
0, mujets, down, 1, 0, 2.4, 500, 600, 0, 1, "2*(1.65936*((1.+(0.546853*x))/(1.+(0.93234*x)))-0.0474228)-(1.65936*((1.+(0.546853*x))/(1.+(0.93234*x))))" 
0, mujets, up, 1, 0, 2.4, 500, 600, 0, 1, "2*(1.65936*((1.+(0.546853*x))/(1.+(0.93234*x)))+0.0474228)-(1.65936*((1.+(0.546853*x))/(1.+(0.93234*x))))" 
1, mujets, central, 1, 0, 2.4, 500, 600, 0, 1, "0.896758*((1.+(0.11259*x))/(1.+(0.105615*x)))" 
1, mujets, down, 1, 0, 2.4, 500, 600, 0, 1, "2*(0.896758*((1.+(0.11259*x))/(1.+(0.105615*x)))-0.0779454)-(0.896758*((1.+(0.11259*x))/(1.+(0.105615*x))))" 
1, mujets, up, 1, 0, 2.4, 500, 600, 0, 1, "2*(0.896758*((1.+(0.11259*x))/(1.+(0.105615*x)))+0.0779454)-(0.896758*((1.+(0.11259*x))/(1.+(0.105615*x))))" 
2, mujets, central, 1, 0, 2.4, 500, 600, 0, 1, "0.802128*((1.+(0.024399*x))/(1.+(0.0215834*x)))" 
2, mujets, down, 1, 0, 2.4, 500, 600, 0, 1, "2*(0.802128*((1.+(0.024399*x))/(1.+(0.0215834*x)))-0.113572)-(0.802128*((1.+(0.024399*x))/(1.+(0.0215834*x))))" 
2, mujets, up, 1, 0, 2.4, 500, 600, 0, 1, "2*(0.802128*((1.+(0.024399*x))/(1.+(0.0215834*x)))+0.113572)-(0.802128*((1.+(0.024399*x))/(1.+(0.0215834*x))))" 
0, mujets, central, 1, 0, 2.4, 600, 800, 0, 1, "1.65936*((1.+(0.546853*x))/(1.+(0.93234*x)))" 
0, mujets, down, 1, 0, 2.4, 600, 800, 0, 1, "2*(1.65936*((1.+(0.546853*x))/(1.+(0.93234*x)))-0.0495317)-(1.65936*((1.+(0.546853*x))/(1.+(0.93234*x))))" 
0, mujets, up, 1, 0, 2.4, 600, 800, 0, 1, "2*(1.65936*((1.+(0.546853*x))/(1.+(0.93234*x)))+0.0495317)-(1.65936*((1.+(0.546853*x))/(1.+(0.93234*x))))" 
1, mujets, central, 1, 0, 2.4, 600, 800, 0, 1, "0.896758*((1.+(0.11259*x))/(1.+(0.105615*x)))" 
1, mujets, down, 1, 0, 2.4, 600, 800, 0, 1, "2*(0.896758*((1.+(0.11259*x))/(1.+(0.105615*x)))-0.0800651)-(0.896758*((1.+(0.11259*x))/(1.+(0.105615*x))))" 
1, mujets, up, 1, 0, 2.4, 600, 800, 0, 1, "2*(0.896758*((1.+(0.11259*x))/(1.+(0.105615*x)))+0.0800651)-(0.896758*((1.+(0.11259*x))/(1.+(0.105615*x))))" 
2, mujets, central, 1, 0, 2.4, 600, 800, 0, 1, "0.802128*((1.+(0.024399*x))/(1.+(0.0215834*x)))" 
2, mujets, down, 1, 0, 2.4, 600, 800, 0, 1, "2*(0.802128*((1.+(0.024399*x))/(1.+(0.0215834*x)))-0.113872)-(0.802128*((1.+(0.024399*x))/(1.+(0.0215834*x))))" 
2, mujets, up, 1, 0, 2.4, 600, 800, 0, 1, "2*(0.802128*((1.+(0.024399*x))/(1.+(0.0215834*x)))+0.113872)-(0.802128*((1.+(0.024399*x))/(1.+(0.0215834*x))))" 
0, ttbar, central, 1, 0, 2.4, 0, 499, 0, 1, "0.968" 
0, ttbar, down, 1, 0, 2.4, 0, 499, 0, 1, "2*(0.95)-(0.968)" 
0, ttbar, up, 1, 0, 2.4, 0, 499, 0, 1, "2*(0.986)-(0.968)" 
1, ttbar, central, 1, 0, 2.4, 0, 499, 0, 1, "0.97" 
1, ttbar, down, 1, 0, 2.4, 0, 499, 0, 1, "2*(0.953)-(0.97)" 
1, ttbar, up, 1, 0, 2.4, 0, 499, 0, 1, "2*(0.987)-(0.97)" 
2, ttbar, central, 1, 0, 2.4, 0, 499, 0, 1, "0.902" 
2, ttbar, down, 1, 0, 2.4, 0, 499, 0, 1, "2*(0.875)-(0.902)" 
2, ttbar, up, 1, 0, 2.4, 0, 499, 0, 1, "2*(0.929)-(0.902)" 
3, ttbar, central, 1, 0, 2.4, 20, 99999, 0.15, 1, "1.02065*x*x*x*x-2.55246*x*x*x+1.95819*x*x-0.655278*x+1.06174" 
3, ttbar, down, 1, 0, 2.4, 20, 99999, 0.15, 1, "2*(1.02065*x*x*x*x-2.55246*x*x*x+1.95819*x*x-0.655278*x+1.06174-0.02)-(1.02065*x*x*x*x-2.55246*x*x*x+1.95819*x*x-0.655278*x+1.06174)" 
3, ttbar, up, 1, 0, 2.4, 20, 99999, 0.15, 1, "2*(1.02065*x*x*x*x-2.55246*x*x*x+1.95819*x*x-0.655278*x+1.06174+0.02)-(1.02065*x*x*x*x-2.55246*x*x*x+1.95819*x*x-0.655278*x+1.06174)" 
